epoch,train_loss,train_accuracy,val_loss,val_accuracy
1,0.6853140314420064,57.47126436781609,0.5781593322753906,73.65853658536585
2,0.5824864526589711,68.44305120167189,0.5127890535763332,76.58536585365853
3,0.512757400671641,74.08568443051202,0.4802058722291674,79.02439024390245
4,0.4840860774119695,76.90700104493207,0.45163962670734953,79.02439024390245
5,0.4527786026398341,79.83281086729363,0.44109664644513813,78.53658536585365
