epoch,train_loss,train_accuracy,val_loss,val_accuracy
1,2.751028859615326,49.947753396029256,0.7524417042732239,54.146341463414636
2,0.43346667488416035,81.9226750261233,0.8922453607831683,46.829268292682926
3,0.10964748313029607,96.55172413793103,0.3586722378219877,82.92682926829268
4,0.057197726393739386,98.95506792058517,0.19605499505996704,90.2439024390244
5,0.029028155157963434,99.3730407523511,0.17133665723460062,93.17073170731707
