class_names,fpr,fnr,auc_roc,roc_curve_fpr,roc_curve_tpr,confusion_matrix
"['Appropriate', 'Inappropriate']",0.0425531914893617,0.09009009009009009,0.9820778225033544,"0.0, 0.0, 0.0, 0.010638297872340425, 0.010638297872340425, 0.02127659574468085, 0.02127659574468085, 0.031914893617021274, 0.031914893617021274, 0.0425531914893617, 0.0425531914893617, 0.0851063829787234, 0.0851063829787234, 0.1276595744680851, 0.1276595744680851, 0.13829787234042554, 0.13829787234042554, 0.18085106382978725, 0.18085106382978725, 0.20212765957446807, 0.20212765957446807, 0.3829787234042553, 0.3829787234042553, 1.0","0.0, 0.009009009009009009, 0.6846846846846847, 0.6846846846846847, 0.8288288288288288, 0.8288288288288288, 0.8558558558558559, 0.8558558558558559, 0.8738738738738738, 0.8738738738738738, 0.9279279279279279, 0.9279279279279279, 0.9369369369369369, 0.9369369369369369, 0.9459459459459459, 0.9459459459459459, 0.963963963963964, 0.963963963963964, 0.9819819819819819, 0.9819819819819819, 0.990990990990991, 0.990990990990991, 1.0, 1.0","90, 4, 10, 101"
