epoch,train_loss,train_accuracy,val_loss,val_accuracy
1,0.248079008076462,89.90233904027008,0.18598693228111818,92.50241080038573
2,0.18696066299327765,92.75379792621172,0.10788737015010645,95.61234329797493
